{
  "num_products": 5,
  "num_lines": 2,
  "num_periods": 4,
  "capacity_per_line": [
    120.0,
    120.0
  ],
  "eligibility_matrix": [
    [
      1,
      1,
      1,
      1,
      1
    ],
    [
      1,
      1,
      1,
      1,
      1
    ]
  ],
  "processing_time_matrix": [
    [
      0.20224827384671654,
      0.23607366055319007,
      0.21529617637392745,
      0.21889237890568855,
      0.22239952620727088
    ],
    [
      0.20927046064881014,
      0.21840031108560348,
      0.19091311856612284,
      0.21006169142588715,
      0.19775326960540623
    ]
  ],
  "production_cost_matrix": [
    [
      1.4621481811171761,
      1.5647381104122946,
      1.5772146412124681,
      1.372878428098371,
      1.4194394811116262
    ],
    [
      1.560928882143318,
      1.5735627839069866,
      1.4379981829943154,
      1.5703381825302798,
      1.3970462770283623
    ]
  ],
  "demand_profile": [
    [
      131,
      44,
      86,
      140,
      113
    ],
    [
      85,
      100,
      107,
      128,
      18
    ],
    [
      27,
      27,
      83,
      147,
      87
    ],
    [
      71,
      81,
      99,
      144,
      143
    ]
  ],
  "hazard_rate": [
    0.025,
    0.016666666666666666
  ],
  "cm_time": [
    0.14802783563356958,
    0.1451985118896925
  ],
  "pm_time": [
    3.240192807347939,
    2.7326835009831907
  ],
  "pm_cost": [
    13.989806270664909,
    17.123946392961358
  ],
  "cm_cost": [
    2.9928735817760046,
    2.7071697616382
  ],
  "holding_cost": 1.75,
  "backlog_cost": 5.25,
  "per_product_backlog_penalty": 12.25,
  "first_setup_time": [
    1.8427881141743523,
    1.5999377698948403
  ],
  "first_setup_cost": [
    26.13733737211301,
    29.584092476473984
  ],
  "setup_time_matrix": [
    [
      [
        0.0,
        1.9291544934452505,
        1.7286341184857756,
        1.81081627587719,
        1.843588764075856
      ],
      [
        1.822659307924413,
        0.0,
        2.0193362936137715,
        2.19040831142404,
        1.7447586177633876
      ],
      [
        2.255683811780802,
        2.0364329506076495,
        0.0,
        1.6296554553930835,
        1.856382400799169
      ],
      [
        1.5671480820677868,
        1.4908907277641406,
        1.6839109375505634,
        0.0,
        1.8158818928025702
      ],
      [
        2.3617223565912835,
        2.287748969992152,
        1.212574922599087,
        2.0317791298405057,
        0.0
      ]
    ],
    [
      [
        0.0,
        1.511273661909296,
        2.155964177288573,
        2.043904997320395,
        1.6168726426814608
      ],
      [
        1.919356278264435,
        0.0,
        2.284437216943404,
        1.5370898962264439,
        1.3109893042146334
      ],
      [
        2.181424157967112,
        2.0967985118348187,
        0.0,
        1.546764789533632,
        2.2104908021645766
      ],
      [
        1.8236172308668062,
        1.7732171970920998,
        1.4327931259289013,
        0.0,
        1.8554452545134676
      ],
      [
        1.8638397254450187,
        2.277677286955921,
        1.8626616237859261,
        2.200211343012999,
        0.0
      ]
    ]
  ],
  "setup_cost_matrix": [
    [
      [
        0.0,
        29.470396553636554,
        27.65037176828141,
        25.53078389770669,
        29.678338379681648
      ],
      [
        25.348339818411684,
        0.0,
        25.396728470710645,
        28.519825664608184,
        29.560506080761137
      ],
      [
        25.393544055791565,
        25.14282169146528,
        0.0,
        28.477506657044895,
        28.438100076911432
      ],
      [
        27.12685456171609,
        28.697656351080305,
        28.576711619593507,
        0.0,
        29.362927927018802
      ],
      [
        26.96195256289632,
        28.17361068585883,
        25.259259221528293,
        26.58344571517755,
        0.0
      ]
    ],
    [
      [
        0.0,
        26.781180565691162,
        25.917288205956364,
        28.082661170296785,
        26.421337088203025
      ],
      [
        25.25183073820356,
        0.0,
        28.4208897735506,
        29.314312570765225,
        29.694667428223248
      ],
      [
        28.124829802224266,
        28.233488562255445,
        0.0,
        29.744863280885603,
        26.994131888778906
      ],
      [
        27.8597248211525,
        28.943927378100664,
        28.828608475913168,
        0.0,
        25.48663446347503
      ],
      [
        26.193561906354148,
        28.00977620687235,
        29.52919882766927,
        29.525532744034805,
        0.0
      ]
    ]
  ]
}