{
  "num_products": 9,
  "num_lines": 3,
  "num_periods": 4,
  "capacity_per_line": [
    120.0,
    120.0,
    120.0
  ],
  "eligibility_matrix": [
    [
      1,
      1,
      1,
      1,
      1,
      1,
      1,
      1,
      1
    ],
    [
      1,
      1,
      1,
      1,
      1,
      1,
      1,
      1,
      1
    ],
    [
      1,
      1,
      1,
      1,
      1,
      1,
      1,
      1,
      1
    ]
  ],
  "processing_time_matrix": [
    [
      0.22598550147756688,
      0.23310679860491462,
      0.24683565019351214,
      0.23322029935922484,
      0.19439429990338417,
      0.22873541905906952,
      0.23350386720059454,
      0.23458193402711083,
      0.2063186809593537
    ],
    [
      0.2083763123594009,
      0.1940352741709538,
      0.1988881517153404,
      0.18714987812034437,
      0.2235491596329705,
      0.231605399380111,
      0.19058224945458654,
      0.216228925576062,
      0.24758198793484343
    ],
    [
      0.19464926245319228,
      0.18953639941445913,
      0.22574020911583564,
      0.23110183032285264,
      0.24373222674227563,
      0.1900131186845998,
      0.22774081506919558,
      0.21022832007258474,
      0.23332282462419768
    ]
  ],
  "production_cost_matrix": [
    [
      1.579969524270598,
      1.5094960308653451,
      1.4513319581841604,
      1.3361671390050556,
      1.5595525724261825,
      1.494756033409518,
      1.5963043219739301,
      1.327898091188243,
      1.346982138068288
    ],
    [
      1.3101314411707925,
      1.5010158795617086,
      1.4629147318046873,
      1.5802678033361384,
      1.5061958030101181,
      1.4256027729996539,
      1.4136855909486856,
      1.4687829411384945,
      1.3203465609450042
    ],
    [
      1.5389455483612249,
      1.401005191816978,
      1.4559282735110441,
      1.4978073455698575,
      1.5606289534001845,
      1.3767535932531074,
      1.378231185649392,
      1.3976376502562746,
      1.3298446825890857
    ]
  ],
  "demand_profile": [
    [
      132,
      51,
      120,
      150,
      105,
      60,
      72,
      45,
      129
    ],
    [
      17,
      36,
      86,
      100,
      82,
      38,
      46,
      73,
      100
    ],
    [
      92,
      128,
      49,
      89,
      17,
      67,
      88,
      94,
      81
    ],
    [
      14,
      35,
      98,
      20,
      83,
      137,
      127,
      75,
      22
    ]
  ],
  "hazard_rate": [
    0.016666666666666666,
    0.025,
    0.025
  ],
  "cm_time": [
    0.13585682677290217,
    0.11776088296840723,
    0.15335611723129908
  ],
  "pm_time": [
    2.8994219358837405,
    3.484951492132171,
    2.775600683037464
  ],
  "pm_cost": [
    18.381573216106233,
    13.099484289228426,
    13.054011060820601
  ],
  "cm_cost": [
    2.10268680611323,
    2.6955668747204804,
    2.3881654498329596
  ],
  "holding_cost": 1.75,
  "backlog_cost": 5.25,
  "per_product_backlog_penalty": 12.25,
  "first_setup_time": [
    1.5639694946627123,
    1.488627109208612,
    2.3906876705776785
  ],
  "first_setup_cost": [
    26.450063327534156,
    25.297744686360492,
    27.509142685374194
  ],
  "setup_time_matrix": [
    [
      [
        0.0,
        1.5874932697090829,
        1.2045744365824158,
        1.9027422143977804,
        2.0965452340048234,
        1.5808967605465614,
        2.1861856761011613,
        1.2047076681548774,
        1.6218313778833595
      ],
      [
        1.975046504830835,
        0.0,
        1.8889647730959074,
        2.245805384997809,
        1.8709949870819615,
        1.776730380436289,
        1.543104173944272,
        1.474520291197922,
        1.2862505367074943
      ],
      [
        1.5383758876784415,
        2.3040514949927537,
        0.0,
        2.148727809711419,
        1.8427732389058473,
        2.0839681814854316,
        1.8533745913398394,
        1.3945631632940911,
        1.9484113105971321
      ],
      [
        1.2033966142978532,
        1.2986534520245085,
        2.252660212119019,
        0.0,
        2.193911450077772,
        1.8057680753361884,
        2.0605652936782732,
        2.2914218309030114,
        1.6339666686117558
      ],
      [
        1.2505593769823276,
        1.7973483328770896,
        2.176148749102871,
        2.2035037538989104,
        0.0,
        1.6394117979835423,
        2.3434416936956124,
        2.2390267457962616,
        1.8014732937943383
      ],
      [
        2.1334853397886446,
        2.3187067489425006,
        1.7142039426650544,
        2.0764666104596907,
        1.2340776215690166,
        0.0,
        1.9303741518617907,
        2.216146012034506,
        1.7697804070793133
      ],
      [
        1.9223037758200827,
        2.0716941360852656,
        1.5940140904551383,
        1.4695162764041707,
        1.8496379074065015,
        1.6680522820102346,
        0.0,
        1.385728137139666,
        1.8025171994473705
      ],
      [
        1.6281579287306864,
        1.8255927214813128,
        1.816733761927165,
        1.4843667242229954,
        1.2652822417241525,
        1.560433938871939,
        2.003884034800911,
        0.0,
        1.6974785420007943
      ],
      [
        2.1653902224630004,
        2.305607251802742,
        1.3051432510958,
        1.3491402019068421,
        1.7539490447842094,
        1.6377217789811371,
        1.5982245332729414,
        2.1787754077254604,
        0.0
      ]
    ],
    [
      [
        0.0,
        2.266283806310373,
        1.9379280423165843,
        1.2260175739088204,
        2.3043344759264794,
        1.4784652817724946,
        2.121286610979179,
        1.9714963376869594,
        1.4669973279695772
      ],
      [
        2.2717602486371793,
        0.0,
        1.4072039304660535,
        1.9745755066166368,
        1.4561970381965277,
        1.793664131687514,
        1.6252260840287729,
        1.6990845845635227,
        1.3118766980095224
      ],
      [
        2.1196408223119514,
        2.1195360852610627,
        0.0,
        1.3776027941473323,
        2.080206595556484,
        1.2605568263954796,
        1.687942652836366,
        1.5469056471267932,
        2.212595994956574
      ],
      [
        2.1746490584758362,
        1.893236909951678,
        2.3217814140050628,
        0.0,
        1.961053068372959,
        1.4376338017024786,
        1.4936204548274217,
        2.196843709318158,
        1.7609436076403577
      ],
      [
        2.2193532795863438,
        2.1866518943290068,
        2.0807441344508217,
        1.6163392410191109,
        0.0,
        1.585928474180423,
        2.197414184035486,
        1.590224101635705,
        1.4030702348817385
      ],
      [
        1.7354310161934383,
        1.9619869237616907,
        2.0072737854808715,
        1.8078998163045643,
        1.8380510253238183,
        0.0,
        1.864042845454366,
        2.073238347028993,
        2.3494825353449666
      ],
      [
        1.6508693713172626,
        1.4543844083737876,
        1.69873840479599,
        2.173505923735288,
        1.6348070754780966,
        1.635755780301736,
        0.0,
        1.5448070114763366,
        1.9714834243606782
      ],
      [
        1.8381935831848937,
        1.642543749924795,
        2.3400384672642094,
        2.1410806375573923,
        1.8047821300923683,
        1.6544319317265237,
        2.0883332106809696,
        0.0,
        1.8392515696313307
      ],
      [
        1.3940476476673256,
        1.3308325018754124,
        1.9281684794554432,
        1.2533812083875238,
        2.3499408116452267,
        1.5893834076253937,
        2.15548183311454,
        2.252248881259821,
        0.0
      ]
    ],
    [
      [
        0.0,
        2.049809488387076,
        1.7744195484431975,
        1.3033885900368365,
        1.5108934580849083,
        1.2003743682890275,
        1.5076909570545185,
        1.5693514488157372,
        2.109552378930446
      ],
      [
