{
  "num_products": 8,
  "num_lines": 3,
  "num_periods": 4,
  "capacity_per_line": [
    120.0,
    120.0,
    120.0
  ],
  "eligibility_matrix": [
    [
      1,
      1,
      1,
      1,
      1,
      1,
      1,
      1
    ],
    [
      1,
      1,
      1,
      1,
      1,
      1,
      1,
      1
    ],
    [
      1,
      1,
      1,
      1,
      1,
      1,
      1,
      1
    ]
  ],
  "processing_time_matrix": [
    [
      0.20586642715725786,
      0.23785423609855236,
      0.20000983447291737,
      0.20860702607550144,
      0.21680771253635037,
      0.21412659206371354,
      0.20545800335082223,
      0.24978837274122617
    ],
    [
      0.22624464064837338,
      0.22096004564255733,
      0.22720786334694534,
      0.18649437346185593,
      0.19305959967248765,
      0.19186784359049208,
      0.24031791850210432,
      0.22138470960858062
    ],
    [
      0.19451327350255887,
      0.19123863390787074,
      0.23977984245752887,
      0.18905215582648038,
      0.22078015722853797,
      0.19149112803956897,
      0.24987940205319642,
      0.20767843190655014
    ]
  ],
  "production_cost_matrix": [
    [
      1.582965873798405,
      1.482126083075144,
      1.4047504650380218,
      1.4591440587229296,
      1.4822424865212676,
      1.5795211445741721,
      1.3466706611438826,
      1.4857931252544736
    ],
    [
      1.4885581533932266,
      1.5611310350091951,
      1.397341370116861,
      1.5525577107590376,
      1.5598096226118232,
      1.4962028750681704,
      1.3738155023290444,
      1.4736127441712277
    ],
    [
      1.3361879334700963,
      1.4038918310953263,
      1.5907359734918047,
      1.5606697048561708,
      1.4970901252535436,
      1.5087605263888135,
      1.4282858484112102,
      1.5148853550788763
    ]
  ],
  "demand_profile": [
    [
      50,
      145,
      65,
      15,
      6,
      45,
      44,
      94
    ],
    [
      141,
      21,
      115,
      11,
      87,
      145,
      64,
      55
    ],
    [
      147,
      46,
      4,
      135,
      125,
      54,
      4,
      29
    ],
    [
      3,
      136,
      30,
      88,
      23,
      62,
      54,
      143
    ]
  ],
  "hazard_rate": [
    0.025,
    0.025,
    0.016666666666666666
  ],
  "cm_time": [
    0.13832032761729665,
    0.18038335704340544,
    0.12720131268300697
  ],
  "pm_time": [
    2.916306743861608,
    2.6898662711791417,
    2.7585119021467452
  ],
  "pm_cost": [
    14.19641852594874,
    10.61919505853661,
    11.41660826248791
  ],
  "cm_cost": [
    2.8663729126756565,
    2.9671165661679333,
    2.3913941636172003
  ],
  "holding_cost": 1.75,
  "backlog_cost": 5.25,
  "per_product_backlog_penalty": 12.25,
  "first_setup_time": [
    2.0865924938237392,
    1.7167859888556396,
    1.3948500250789102
  ],
  "first_setup_cost": [
    27.382325476239284,
    26.933945203428575,
    27.52164077936756
  ],
  "setup_time_matrix": [
    [
      [
        0.0,
        1.8313787861601176,
        1.76357243323891,
        2.3113064804329166,
        1.4910014403051495,
        1.6593148210370574,
        2.1417327184318786,
        2.082213819088577
      ],
      [
        2.3644267393831404,
        0.0,
        1.4828443309051496,
        1.5482901337179737,
        1.5157979490705147,
        1.8646958599566332,
        1.4367187144644478,
        2.093749667756752
      ],
      [
        2.2894425401567586,
        1.9743243642949801,
        0.0,
        2.344782370603184,
        2.066360103311558,
        1.9835023623788817,
        2.369138037172158,
        2.3701317476469352
      ],
      [
        1.7391830151964505,
        1.2842708736526012,
        1.6043826627382116,
        0.0,
        2.3825690463500475,
        2.26137809676964,
        2.255749787525157,
        1.61100405556658
      ],
      [
        2.1605785391722385,
        2.1522748938931877,
        2.2117172908195526,
        1.5746894458093603,
        0.0,
        1.9603378412860775,
        2.2511402926818542,
        1.7595482743933404
      ],
      [
        2.3065558231261267,
        2.080215156070191,
        1.447785334508794,
        1.9275262369494501,
        1.4161611734098047,
        0.0,
        1.3167727155163527,
        1.6165635018235802
      ],
      [
        1.4545377799282435,
        1.9950420531642747,
        1.881905940539159,
        1.8423963772655623,
        1.3765886841326032,
        2.3475868961652164,
        0.0,
        2.397174075693485
      ],
      [
        1.5228630627891144,
        1.3581548417295997,
        1.5853354607166619,
        1.5606668986284231,
        2.1535975363571827,
        1.207905594341219,
        1.5255900198353431,
        0.0
      ]
    ],
    [
      [
        0.0,
        2.081393991505316,
        2.158557789830135,
        1.332470111202679,
        2.2992782331783683,
        2.2715885507218196,
        1.4505188281824835,
        1.8387252915569445
      ],
      [
        2.0223563909672024,
        0.0,
        1.9329015024971357,
        1.9499910029406622,
        1.5198880200671288,
        1.8861815297183075,
        1.317369331161276,
        1.354310124989602
      ],
      [
        1.7244541124440844,
        1.8797389210447357,
        0.0,
        1.7378344969989261,
        1.8001922168387052,
        1.7650004712318248,
        1.9349733895758523,
        1.6271862694042785
      ],
      [
        1.7440289713008443,
        2.3090004199039864,
        1.9247646963550418,
        0.0,
        1.3929096163943844,
        1.269106221991744,
        1.9527637518111325,
        2.3499450958988435
      ],
      [
        2.3985895259897827,
        1.5163276133734471,
        1.3636237215004303,
        1.9434456521636085,
        0.0,
        1.8838982475418207,
        1.9263135445012074,
        1.4339604240084758
      ],
      [
        2.2905339089501466,
        1.9764756125373601,
        2.084267833882877,
        2.2351816764649306,
        2.1582819835172504,
        0.0,
        1.2585511157341798,
        2.1969848675880965
      ],
      [
        1.7290585379843253,
        1.7746202219369285,
        2.11122749784702,
        1.753092209527666,
        1.7802515828016774,
        1.7737769575970392,
        0.0,
        1.3160346796316
      ],
      [
        1.9304567891341675,
        2.373735001722835,
        1.9038185131635252,
        1.8675786304790705,
        2.0844125316056856,
        1.959782435101395,
        2.320386992938816,
        0.0
      ]
    ],
    [
      [
        0.0,
        1.2482079288543986,
        1.7462074407022472,
        1.6146501596651786,
        2.1060948639819546,
        1.9467371993763762,
        1.8537189038185704,
        1.2900330566283504
      ],
      [
        1.305156832771863,
        0.0,
        1.272412180277774,
        1.8439149791502751,
        1.6325084433997574,
        2.110763640108536,
        1.56131318111558,
        1.7240852544744927
      ],
      [
        2.2390120599188843,
        1.3070425642813215,
        0.0,
        2.152387987954264,
        1.7791976679820394,
        1.2987188415497721,
        1.7689820366470639,
        1.5436961296642233
      ],
      [
        1.9530135793440362,
        2.224969683112259,
        1.9906357713990874,
        0.0,
        1.6694251718001845,
        1.8904969011431856,
        1.7989169996579788,
        2.3747713159300354
      ],
      [
        1.8030403632989955,
        1.245684281149871,
        2.071466070576521,
        2.141806522465373,
        0.0,
        2.352633026791436,
        1.7435788495405404,
        1.3915609399540685
      ],
      [
        1.6459541971397753,
        1.4173640273052632,
        2.3300943705832067,
        1.4187682754166153,
        1.3595461272898903,
        0.0,
        1.5780421229605452,
        1.2389741367376892
      ],
      [
        2.1979820027097836,
        1.976866540307448,
        1.8081680025926605,
