{
  "num_products": 6,
  "num_lines": 2,
  "num_periods": 4,
  "capacity_per_line": [
    120.0,
    120.0
  ],
  "eligibility_matrix": [
    [
      1,
      1,
      1,
      1,
      1,
      1
    ],
    [
      1,
      1,
      1,
      1,
      1,
      1
    ]
  ],
  "processing_time_matrix": [
    [
      0.20124593034463706,
      0.2076187100796042,
      0.1996249533853108,
      0.22715228461495715,
      0.24351338426317506,
      0.24032333906495015
    ],
    [
      0.2390885705769695,
      0.24044301813118354,
      0.2220247971017248,
      0.18807298369790182,
      0.24559402422566584,
      0.20741254293766773
    ]
  ],
  "production_cost_matrix": [
    [
      1.377636538212014,
      1.5092045356621526,
      1.4970318143377197,
      1.3852564510947931,
      1.5729847458620188,
      1.5174179522065647
    ],
    [
      1.3125330174281653,
      1.5936308398751595,
      1.5461641281313456,
      1.5825918980706393,
      1.3425335025965084,
      1.4545637975359516
    ]
  ],
  "demand_profile": [
    [
      147,
      150,
      124,
      31,
      58,
      0
    ],
    [
      1,
      101,
      83,
      91,
      23,
      43
    ],
    [
      67,
      125,
      41,
      118,
      45,
      12
    ],
    [
      0,
      107,
      79,
      24,
      14,
      129
    ]
  ],
  "hazard_rate": [
    0.016666666666666666,
    0.016666666666666666
  ],
  "cm_time": [
    0.15341527804692234,
    0.15998785790225467
  ],
  "pm_time": [
    2.7154187150233424,
    2.548292515826963
  ],
  "pm_cost": [
    11.855854160095321,
    14.432173665187117
  ],
  "cm_cost": [
    2.1974195281651023,
    2.5688614445620366
  ],
  "holding_cost": 1.75,
  "backlog_cost": 5.25,
  "per_product_backlog_penalty": 12.25,
  "first_setup_time": [
    2.3854843383056075,
    2.2009296333770525
  ],
  "first_setup_cost": [
    29.222336533756668,
    27.867224711015258
  ],
  "setup_time_matrix": [
    [
      [
        0.0,
        1.8169618374425214,
        2.173618314915973,
        2.1679654793315692,
        1.741551255940876,
        1.2002993542453066
      ],
      [
        1.9418770064145585,
        0.0,
        2.040393802425334,
        2.046401665021082,
        1.4027981328654162,
        1.8666530962754289
      ],
      [
        1.9563471351805504,
        1.574580874394228,
        0.0,
        2.254059015799002,
        2.050140823196395,
        1.3029875151556745
      ],
      [
        2.1378728731130616,
        1.8827920980269075,
        1.3752107302304648,
        0.0,
        1.3164397063470796,
        1.2706498357645806
      ],
      [
        1.5707287460685777,
        1.9562322691201257,
        1.717666430923873,
        1.3712829425762374,
        0.0,
        1.93999829487031
      ],
      [
        1.580040770800549,
        1.9572260139271114,
        1.8538160460450523,
        2.0920129024100085,
        1.5375170893986803,
        0.0
      ]
    ],
    [
      [
        0.0,
        2.2607711124303718,
        1.4429091602249824,
        1.9333168060100154,
        1.4913464530046812,
        2.1608618877116226
      ],
      [
        2.009165680676961,
        0.0,
        1.3653738354540592,
        1.3197023448525866,
        1.6846499760686433,
        1.7403147589338388
      ],
      [
        1.28072271104754,
        1.7106311855739698,
        0.0,
        1.2446951600240594,
        1.2364287042020021,
        1.7984469036017652
      ],
      [
        1.889891119341295,
        2.25130318000286,
        1.9879462686586757,
        0.0,
        1.7800913217312164,
        2.2350460683184545
      ],
      [
        2.264364433917346,
        1.236076789858081,
        1.39592943977306,
        2.0282524524705203,
        0.0,
        1.6547910765857348
      ],
      [
        2.3223515832783024,
        2.305232842112483,
        1.3444941142166915,
        1.4156099410769944,
        1.456552040838088,
        0.0
      ]
    ]
  ],
  "setup_cost_matrix": [
    [
      [
        0.0,
        29.290567287991358,
        26.866098122721652,
        28.828792961911894,
        26.45269767474689,
        27.117766938128067
      ],
      [
        27.549707757291635,
        0.0,
        26.2819331284446,
        25.474860459123686,
        29.38492650130687,
        25.226503338786227
      ],
      [
        29.356399690626617,
        27.156430973232943,
        0.0,
        26.422732724565247,
        26.797014568535115,
        26.781886944746887
      ],
      [
        29.33125705367972,
        29.063751143608993,
        27.388460606584268,
        0.0,
        28.147261403778895,
        28.819200571513047
      ],
      [
        25.57992326107022,
        28.338444510995334,
        26.309354205800396,
        25.725817264086785,
        0.0,
        29.06346102135798
      ],
      [
        26.97460401766662,
        25.552014131022112,
        25.514031793302927,
        29.253110439534574,
        29.303272256272585,
        0.0
      ]
    ],
    [
      [
        0.0,
        28.2854618353103,
        26.26134766171941,
        29.6523669474123,
        26.95751128340311,
        28.391199212250562
      ],
      [
        27.603395244098273,
        0.0,
        29.535784043917868,
        25.62341190832783,
        25.27920375611783,
        27.681589920416698
      ],
      [
        28.15651366480557,
        25.74601273300341,
        0.0,
        29.294016657443656,
        29.774405786532967,
        28.443847965042323
      ],
      [
        27.156449637304387,
        26.827686423270904,
        28.690368547623475,
        0.0,
        26.505628259417094,
        25.132901048153133
      ],
      [
        29.40196633401035,
        27.103403379736033,
        27.583490469963046,
        27.23444712127343,
        0.0,
        25.830526114654816
      ],
      [
        28.92131401472411,
        28.977862356439196,
        27.959016276262933,
        28.46501346277862,
        28.619972796791803,
        0.0
      ]
    ]
  ]
}