{
  "num_products": 7,
  "num_lines": 2,
  "num_periods": 4,
  "capacity_per_line": [
    120.0,
    120.0
  ],
  "eligibility_matrix": [
    [
      1,
      1,
      1,
      1,
      1,
      1,
      1
    ],
    [
      1,
      1,
      1,
      1,
      1,
      1,
      1
    ]
  ],
  "processing_time_matrix": [
    [
      0.22693093450525437,
      0.20405901757414638,
      0.24905014831893937,
      0.20284408728815145,
      0.24691783303541692,
      0.22385376028590737,
      0.22882210344379927
    ],
    [
      0.20369672415754403,
      0.2261156390634797,
      0.1919382891848036,
      0.2091916517789763,
      0.2208057009205306,
      0.2477693738082311,
      0.24112061357315334
    ]
  ],
  "production_cost_matrix": [
    [
      1.4137966226890417,
      1.5406031141664596,
      1.422997735746374,
      1.4755963094109479,
      1.442023104151619,
      1.5074852992705148,
      1.3471399260505021
    ],
    [
      1.339780521718883,
      1.301090574398039,
      1.502346302719709,
      1.527833846461528,
      1.402234069384727,
      1.59952005174467,
      1.4467138989474637
    ]
  ],
  "demand_profile": [
    [
      129,
      36,
      46,
      20,
      138,
      113,
      29
    ],
    [
      43,
      6,
      96,
      38,
      106,
      63,
      23
    ],
    [
      25,
      60,
      25,
      11,
      49,
      24,
      35
    ],
    [
      70,
      2,
      52,
      48,
      25,
      94,
      30
    ]
  ],
  "hazard_rate": [
    0.016666666666666666,
    0.016666666666666666
  ],
  "cm_time": [
    0.1393264124380851,
    0.15900572539499994
  ],
  "pm_time": [
    3.348140522038541,
    3.0891233309442687
  ],
  "pm_cost": [
    14.189180015921561,
    16.407187478042186
  ],
  "cm_cost": [
    2.4301143859280323,
    2.0174906693939114
  ],
  "holding_cost": 1.75,
  "backlog_cost": 5.25,
  "per_product_backlog_penalty": 12.25,
  "first_setup_time": [
    1.8292905103332777,
    1.2224184929340653
  ],
  "first_setup_cost": [
    26.488480328576816,
    26.370108045828363
  ],
  "setup_time_matrix": [
    [
      [
        0.0,
        1.7528416513812792,
        1.793804056432406,
        1.7002643101297812,
        1.9540557925828863,
        2.1468397244066884,
        1.3910498062795777
      ],
      [
        1.2718334441929646,
        0.0,
        2.179520844187184,
        1.6130692433001723,
        1.851687174107508,
        1.6904793347570477,
        1.7414952273571547
      ],
      [
        1.7042912560506962,
        2.227882502638427,
        0.0,
        1.4688798391978328,
        2.1396865224655697,
        1.7275546555664074,
        1.4196524045878798
      ],
      [
        2.186574775950489,
        1.9554192409292623,
        1.8642092634839194,
        0.0,
        2.2082027292127435,
        1.377445259242854,
        1.8654411410784504
      ],
      [
        1.5420987354720275,
        2.276833856168474,
        1.4728454815334522,
        1.879734095900967,
        0.0,
        1.9919220759039877,
        2.3980743609932125
      ],
      [
        1.6434325024595884,
        1.9785502711681413,
        1.7604446162497305,
        2.111269397301001,
        1.6541340311132906,
        0.0,
        1.5295050432287047
      ],
      [
        2.312633542958028,
        1.414084299672221,
        1.4647874534931833,
        2.2428671521569576,
        1.907213763761368,
        1.5246086600937543,
        0.0
      ]
    ],
    [
      [
        0.0,
        1.9670112787660765,
        1.5012384233156715,
        1.5459087902991129,
        1.637668815849362,
        1.4532424170762388,
        1.6571551128661364
      ],
      [
        2.301087201723256,
        0.0,
        1.704418999216378,
        1.881139676551164,
        1.5999764360464832,
        1.5690699852321455,
        1.3810003815715848
      ],
      [
        2.2783881350130493,
        2.339692609270302,
        0.0,
        1.2630233026837092,
        1.4984981735908591,
        1.2204518937846367,
        1.731615712993324
      ],
      [
        1.8864259922017867,
        1.5457194920509023,
        1.6729842720372015,
        0.0,
        2.008598404995377,
        1.559595282306832,
        1.550622511798712
      ],
      [
        2.244436246090002,
        2.3773313348523413,
        2.1453062311439206,
        1.3262220925094987,
        0.0,
        2.1321600159173544,
        1.5441027578884394
      ],
      [
        1.4120785143413217,
        2.2836972655402104,
        2.1085994984130396,
        1.3018692574501745,
        1.867451036201874,
        0.0,
        2.2006175968309125
      ],
      [
        2.3245831395544783,
        2.1090027009792744,
        1.705829223711365,
        1.8326401771965628,
        1.4642580602892208,
        1.3358492702925167,
        0.0
      ]
    ]
  ],
  "setup_cost_matrix": [
    [
      [
        0.0,
        28.078174792419574,
        29.09383853958923,
        25.93247440425576,
        28.981447736100662,
        28.166580217905334,
        28.461889380750993
      ],
      [
        25.59564703544914,
        0.0,
        27.7774447842049,
        25.72541014647108,
        29.628443140300554,
        26.518997464685068,
        26.092775309764285
      ],
      [
        29.904148300617862,
        26.280360130786814,
        0.0,
        25.3736520400339,
        25.332407324711994,
        26.008827968438272,
        28.835430617043286
      ],
      [
        29.32875710203469,
        25.948558389929573,
        27.382943197946172,
        0.0,
        26.610789568164567,
        27.038063123658414,
        29.525620214363244
      ],
      [
        28.745579954350436,
        25.679233528238054,
        25.399820957441026,
        27.86472683265972,
        0.0,
        27.487461709259467,
        26.527229050179383
      ],
      [
        25.541310835226415,
        25.90814869229319,
        27.128088565144342,
        29.44871825405592,
        28.690833949547372,
        0.0,
        25.255074910148434
      ],
      [
        29.90642750736809,
        26.829702115536996,
        26.88213549288773,
        26.70136787035692,
        25.325955257885926,
        29.609204228450967,
        0.0
      ]
    ],
    [
      [
        0.0,
        26.962150948415132,
        27.8999796571958,
        29.27994639806381,
        26.552008926600603,
        26.043023640293153,
        27.31221168175592
      ],
      [
        29.227086950938627,
        0.0,
        26.03206997405978,
        26.46729077777496,
        28.047045533902395,
        28.132404783206713,
        25.85269817818429
      ],
      [
        28.294317708788142,
        25.191769995869187,
        0.0,
        27.010876040729666,
        26.863119746202777,
        26.14443840538908,
        26.644732906792477
      ],
      [
        29.938722365498442,
        25.28209177218727,
        27.391594910623805,
        0.0,
        29.14468014284254,
        29.6650714652546,
        25.92894289225786
      ],
      [
        27.149560984580493,
        28.142603380453743,
        27.95451068415715,
        27.769152838719236,
        0.0,
        29.30592754143179,
        26.087953879957162
      ],
      [
        29.52084561592374,
        27.359203973306624,
        29.95085629642477,
        27.098085030705505,
        25.369504529959833,
        0.0,
        28.255430349176777
      ],
      [
        29.969933355080563,
        27.408352366155157,
        25.258758590716088,
        25.89336682652731,
        28.676009908589215,
        29.754068923544892,
        0.0
      ]
    ]
  ]
}